1b73	A	7,8,70,147,178,180
1btl	A	70,70,73,130,166,234,237
1d4a	A	149,155,161
1nia	A	95,98,100,135,136,145,150
1nia	B	255,279,280,306
1whs	B	338,397
1whs	A	53,146,147
2gh5	B	467,472
2gh5	A	58,63,66,197,201
5icd	A	160,230,283,307
1qpr	A	140,172,201,222
1qpr	B	105
5a1i	A	29,31,32,57,70,181,250,258,259,264,265,285,289,291
1mkb	A	70,76,79,80
1mkb	B	84
1qum	A	37,69,72,109,145,179,182,216,229,231,261
1oth	A	141,168,171,263,303,330
2bbk	L	32,57,76,108,119,122
2bbk	H	66
1vnc	A	353,360,402,403,404,490,496
1znb	A	99,101,103,162,181,184,193,223
1bc2	A	86,88,90,149,180
1rr6	A	33,33,64,86,88,89,116,219,220,243,257
1jdw	A	170,254,303,305,407
1x9d	A	330,334,463,599
1dl2	A	132,136,275,435
1qjd	A	365,378,381,402,504,505,544
1do8	A	112,165,183,255,256,278,279,421
1b6b	A	97,111,122,124,168
1xva	A	21,137,142,175,194
1nzy	A	64,86,90,114,137,145
1nba	A	51,144,172,173,177
1ptd	A	32,33,69,82,274
1ah7	A	14,55,69,118,122,128,142,146
1djx	A	311,312,341,343,356,390
1djo	A	1020,1034,1100,1101,1173
1djo	B	3294
2pfl	A	333,418,419,734
1lcb	A	60,82,146,198,218,221
1qin	A	33,99
1qin	B	126,172
1jc5	A	12,48,65,91,141
1mpy	A	153,199,214,246,255,265
2phk	A	149,151,154,167,186
1qq5	A	8,12,39,114,115,147,171,173,175,176
5cox	A	203,207,384,385,388,526,530
1fbx	A	110,111,112,113,151,179,181
2mas	A	10,15,39,126,167,168,241,242
13pk	A	39,219,376,399
1dnk	A	39,76,78,134,168,212,252
1ql0	A	57,89,110,119,127
4kbp	A	135,164,167,201,202,286,295,296,323,325
1alk	A	51,102,153,155,166,322,327,328,331,369,370,412
1cdg	A	227,229,257,327,328
2adm	A	105,106,108,196
1ytw	A	290,354,356,402,403,409,410
1bzy	A	133,134,137,186,199
1pya	E	81
1pya	A	62,63,66
1pya	F	1,195,197
1dbt	A	33,60,62,123,215
1dbt	B	65
1aq2	A	65,213,232,250,254,255,269,333
1b57	A	109,110,182,226,264,286
1n8i	A	339,434,462,633
1d8c	A	270,272,338,427,455,631
1qfe	A	86,143,170
1gu1	A	15,16,23,28,79,82,104,106,113
1ze1	A	39,67,81,172
2ahj	A	109,112,113,113,114
2ahj	B	56,72,76
1cju	B	1029,1065
1cju	A	396,397,440
1dqs	A	152,194,250,260,264,268,271,275,287
1dqs	B	130
1dea	A	72,141,143,148
1bjp	B	39,50,61
1bjp	A	1
1req	A	89,243,244,604,608,610
1cb7	A	14,16
1cb7	B	100,171
1d6m	A	7,8,103,105,328,330
1gim	A	13,16,40,41,224
1daa	A	31,145,177,201
1pjb	A	15,74,93,95,117,269
1ivh	A	135,136,254,387
1lxa	A	125,126,143
1ef8	A	66,110,140
1eug	A	64,66,77,187
2fua	A	73,92,94,113,155,209
1dco	A	58,62,63,80,80,81,89
1bs1	A	11,12,15,16,37,41,41,54,115
12as	A	46,100,116,235,248,251,251
1a26	A	904,907,988
1afw	A	125,375,403,405
1al6	A	244,274,320,329,375
1d0s	A	174,317
1c3c	B	263,268,275
1c3c	A	68,140,141
3csm	A	16,157,168,194,198,242,246
1jxa	A	1,1,26,74,98,99,481,485,488,504,603
1l8s	B	28,30,30,32,48,49,52,73,99
1b66	B	88,89
1b66	A	23,42,48,50,133
1b93	A	19,66,71,91,98,101
1b93	C	107
1bg0	A	126,225,229,271,273,280,309,314
1fwj	C	134,136,217,219,221,246,272,320,336,360
1hxq	A	52,55,115,153,161,164,164,166,166,168
1ps1	A	76,77,80,84,157,173,219,223,226,227,230,308,309
1b3r	A	54,77,82,130,155,180,185,189,190,194,300,352,360,364
1brw	A	82,161,168,183,187
1dli	A	118,145,204,208,260,264
1dqa	B	559,866
1dqa	A	691,767
1wab	A	47,74,104,192,195
1fui	A	337,361,528
1chm	A	232,262,358
1ctt	A	102,104,129,132
1bsz	C	1045,1050,1090,1091,1132,1133,1136
1g72	A	171,255,297
1a4s	A	166,263,297,477
5fit	A	83,94,96,98
1fcb	A	254,282,373
1vao	A	108,170,422,503,504
1c9u	A	144,163,228,269,271,273,309
1vlb	A	869
1w85	C	267,271,281
1w85	B	59,128
1n62	B	240,387,388,763
1ps9	A	164,166,214,252,339
1d3g	A	145,149,215,217,218,255,284
1c0p	A	1054,1054,1335,1335,1339
1ofd	A	1,1,31,207,227,228,903,969,972,978
3dfr	A	4,19,21,26,27,30,54,94,116
2gb0	B	45,48,49,265,269,315,348
2tmd	A	30,169,172,267
1w1o	A	105,169,288
1hzz	B	127,132,135,138,235
1hzz	C	132
1amo	A	457,630,675,677
1wrr	A	10,57,176,228,256
2c3m	A	31,64,114,996
1zp3	A	26,28,120,223,273
1sox	A	40,65,138,185,322
1fva	A	72,103,115,150,155,218,227
1jnr	A	74,141,234,265,361,398,449
1jnr	B	48
1v54	A	61,91,126,156,157,240,242,244,255,290,291,316,319,438
1bt3	A	88,109,118,240,244,261,274
2frv	D	18,65,68,72,463,486,530,533
1hfe	L	156,159,178,198,237,240,245,382
1ba3	A	218,245,343,343,443,529
1os7	B	99,101,255,270
1ndo	E	205,208,213,362
1ndo	A	104
1doc	A	72,201,293,297,385
1luc	A	44,45,106,113,227
1yrc	A	186,251,252,357,358,359
2toh	A	331,336,376,395
1sdw	A	107,108,170,172,242,244,314
1afr	A	62,105,143,146,196,199,228,229,232
1unb	A	74
2jcw	A	46,48,63,71,80,83,120,143
1v97	A	802,880,1261
1l1l	A	119,406,408,410,419,731,736
1dii	A	167,177,286,367,380,384,436,473,474,512
1dii	C	649,650
1e6e	A	55,159,376,377
1ljl	A	10,11,12,13,13,14,15,16,16,17,36,63,65,82,89,105
1g8k	E	24,98,99,238
1g8k	F	62,81
1odm	A	211,214,216,270
4v4e	A	144,174,404
1ls3	B	55,57
1ls3	A	200,226,229,235
1onr	A	17,96,132,156,178
1ggt	A	279,314,314,373,396,560
1ndp	B	16,56,119,122,133
1q0n	A	82,92,95,97
1f80	A	62
1f80	E	35
1f80	B	105
1rhs	A	186,247,248,249,250,251,252,274
1hy3	A	47,107,137
1t4c	A	17,140,169
1t4c	B	260,261
1mro	D	333,445,481
1mro	A	147
1mro	E	367
1qh5	A	54,56,58,59,110,134,173
1auk	A	29,30,69,73,123,125,150,229,281,282,302
1hzy	A	55,57,169,201,230,233,254,301
1ako	A	7,34,151,153,229,258,259
1en7	A	40,41,43,62,65
1en7	B	105
1vas	A	2,22,23,26
1rdd	A	10,11,48,70,124,134
1ruv	A	12,41,119,120,121
2sns	A	21,35,40,41,43,87
1hs6	A	271,295,296,299,318,375,383
1lok	A	97,117,151,152,179,256
1itq	A	20,22,125,152,198,219,288
1pfq	A	547,630,631,708,740
1o8a	A	353,354,383,384,387,411,513,523
1m4l	A	69,72,127,196,270
1onw	A	68,70,162,201,230,285
1pq5	A	56,99,192,193,194,195,195
9pap	A	19,25,25,159,175
1a30	A	25,26,27
1a30	B	25,26,27
1kei	A	142,143,146,157,166,226,231
1ryp	I	1,1,17,19,33,47,129,166,169
1bmf	D	162,188,189
1bmf	C	373
1q3s	A	64,97,98,393
1hyo	A	126,133,199,201,233,237,240,253,253,257,364
1rql	A	12,14,45,49,53,56,160,186
1mum	A	43,58,85,87,113,115,123,158,188,210
1dnp	A	274,277,306,341,359,382
1ru4	A	268,273
1lwy	A	249,268
1pwh	A	41,222,303
1mns	A	164,166,195,197,221,247,270,297,317
1xel	A	124,149,153
1m9c	A	55,60,63,102,113,122,126
1nfs	A	25,32,67,69,87,104,114,116,161
1mek	A	36,37,38,39
1z9h	A	107,110,112,113
1f2v	A	43
1p5d	X	20,108,109,118,242,244,246,247,329
2gsa	A	150,245,273
1eyq	A	36,48,97,106
2ts1	A	40,45,48,82,86,173,194,230,233,234
1v25	A	184,328,439,444
1gsa	A	125,160,210,225,233,273,281,283
1kqp	A	50,162
1xny	A	182,183
1xny	B	419,420
1a0i	A	34,238,240
1dpx	A	35,46,48,50,52,59
1gpb	A	377,377,568,569,574,676,680
1o08	A	1008,1009,1010,1010,1016,1045,1114,1115,1145,1169,1170
1kc7	A	22,92,101,103,337,455,764,831,851
1ezv	E	181
1ezv	C	202,206,228,229,272
1lij	A	136,318
1m6k	A	67,67,70,115,120,160,215
1idt	A	14,74,165
1n2c	A	62,65,96,195
1n2c	B	153,157
1n2c	E	10,129
1n2c	F	15,41
1l6g	A	39,136,166,219
1l6g	B	265,311,313
1ecf	A	1,1,27,101,102,258
1pvd	A	413,444,471,473,477
1pvd	B	28,51,114,115
1ca2	A	64,94,96,106,119,199
1sc9	A	11,80,81,207,235,236
1hpl	A	77,152,153,176,263
1trk	A	30,263
4kxv	A	244,258
1trk	B	418,481
1mcz	F	281,401
1mcz	E	25,26,28,47,70
2ag0	B	29,50,113
2ag0	A	419
2qut	A	33,146,187,189,229,300,363
2qf7	A	283,297,299,305,353,549,655,718,747,749,882
1bob	A	220,255
1vr7	B	55,68
1vr7	A	62,63,83
1qrr	A	145,180,182,183,186
1e6u	A	107,108,109,136,140,179
1bxk	A	134,135,136,160,164
2a84	A	40,44,47,88,89,92,160,196,197,198
1gzg	A	205,260
1uw8	A	92,95,97,101,140,162
1a41	A	130,167,223,265,274
1g9z	A	19,20
1g9z	B	20
1gpm	A	59,86,87,181,183,239,381
1f7u	A	156,159,162
1q6l	B	67,68,72
1q6l	A	36,37,64,112,136,139
2c7v	A	14,161,174
1wpo	A	63,132,134,157,165,166
7atj	A	38,42,70,170
1szd	A	42,43,44,44,45,116,118,135
3pva	A	1,1,82,175,228
2f9r	B	12,32,34,47,48,52,91,93,230,233,252
1ho1	A	9,12,45,47,51,72,103,153,193
1cg6	A	220,222
2rjr	A	63,70
1ir3	A	1132,1136,1137,1150
1kzl	A	2,41,48,50,64,102,148
1a8q	A	28,94,95,223,252
1a7u	A	32,98,99,228,257
1dty	A	17,144,245,274
2cpo	A	29,105,106,183
1eh6	A	114,137,145,146,172
1igs	A	51,53,110,159,180,210,211
1fps	A	71,112,117,121,126,188,214,253,257,258
1h3b	A	45,93,127,169,262,312,365,374,376,377,420,451,489,495,601,605,609
1mg5	A	108,139,152,156
1qlh	A	46,48,51,67,174
1xx2	A	64,64,67,150,272,315,318
1sml	A	84,86,88,89,160,191,225
1n20	A	323,344,351,355,452,496,500,504,578
1gtk	A	83,84,131,132,149,155,242
1di1	A	92,112,178,206,333
1jfg	A	93,96,97,100,182,232,304,305
3kb9	A	95,96,198,338
1ezf	A	171,218,228,288
5eat	A	264,273,401,402,403,441,444,520,525,527
1apy	B	183,183,201,211,234,235
1apy	A	49
1dhp	A	44,133,138,161,203
1dhp	B	107
1bmt	A	757,759,810
3dgb	A	24,169,171,200,226,251,275,329
1h1z	A	11,36,38,40,69,71,144,178
1pym	A	46,47,48,58,85,87,114,120,122,123,159,190
1f61	A	153,180,191,193,228,315,317
1jdi	A	95,97,120,171
1pow	A	59,121,122,264,394,479,480,483
3ey9	B	50,112,113
3ey9	A	380,465
1ogy	E	56,152,153,346,383,384
1zk7	A	42,47,464,465
2b3i	A	39,82,85,90
1sur	A	204,204,208,208
1dtw	A	76,162,291,292
2gmh	A	82,331,367,528,553,556,556,559
1s9i	A	194,221
1k0g	A	258,274
2dd5	C	128,131,132,132,133,133
2dd5	B	108
1uok	A	98,199,255,328,329
2z67	A	166,249,278
2z67	B	72,94,95,102,307
1g8f	A	196,197,201,204,290
3s8r	A	170,170,192,239,413,624
1n0h	B	582
1n0h	A	139,201,202,251
1zio	A	13,88,127,160,171
1mla	A	11,92,93,117,201,250
1dd8	A	163,298,328,333,390,392
1mht	A	81,119,163,165
1yq4	A	130,251,253,263,266,297,364,408
1adn	A	38,42,69,72
1n1d	A	44,46
1s6l	A	96,99,159
2pan	A	25,51,421,476,479
1b6t	A	18,42,91,129
2pz0	A	17,18,44,46,59,119,121,239
1mki	A	74,74,77,201,253,271
1ct9	A	1,1,50,74,75,321,324
1mb9	A	348,382,443
1ea0	A	1,1,231,232,479,886,937
1et0	A	38,159,193
2vck	A	105,206
3cmm	A	21,481,544,600,600,601,601,603,603,781,781,782,782
1xld	A	53,56,87,180,182,216,219,244,254,256,292
1ile	A	46,85,518,554,558,591,594
1e4e	A	19,22,99,244,250,290,311,315
7enl	A	39,159,168,211,246,295,320,345,373,396
1kq3	A	169,252,255,269
1diz	A	218,222,238
1qdl	B	56,84,85,175,177
1qdl	A	306,333,357,377,393
1ey3	A	98,141,144,164
1j21	A	12,92,121,173
1uag	A	115,138,183
1j09	A	246
1oya	A	37,191,194,196,251
3h8i	A	129,178,215,350,353,386
1yt3	A	28,30,85,151,155
1gog	A	228,272,290,495,496,581
2akj	A	109,223,224,481,486,487
1tph	1	11,13,95,97,165,171,211
2eua	A	190,240,284,416,420
1pkn	A	72,119,269,327
1i58	A	409
1lbm	A	7,126
2ixj	A	65,74,134,171
2zr8	A	57,57,82,82,208,208,212,212,214,214,308,308
1rm0	A	320,369,412,489
1uam	A	89,116,154,169
2o1x	A	289,373,401
1bwz	A	73,159,208,217,220
1jfl	A	48,82,84,124,164,194
2hdh	A	137,158,170,208
1chd	A	164,165,190,283,286
2id0	A	201,207,209,210,313,500
1c3j	A	22,72,100,191
2wml	A	269,319
1sg4	A	66,111,135,136
1dci	A	117,173,176,196,204
1hzd	A	141,186,189,209
2gtr	A	66,115,146
3bpt	A	98,146,169,177
1q51	A	105,115,161,185,190
1q51	D	287
2vss	A	70,75,120,143
2vss	B	239
2chr	A	163,165,194,220,245,269,323
1e3v	A	16,40,100,103
1h3i	A	245,293,297,305,335
1snz	A	107,176,307
3pmg	B	116,117,287,289,291,292,388
1mbb	A	159,229,325
1coy	A	361,447,485
1cgk	A	164,215,303,336
1vzx	A	247,280,314,317,356,365
3thi	A	113,241,272
2a5h	A	112,113,116,125,129,132,134,293,330,337
1f9z	A	74,122
1f9z	B	5,56
2fp8	A	309
3a15	A	143,178,219,299,306,320
1d6o	A	26,36,37,56,82,99
1grc	A	106,108,135,144
2tps	A	59,130,159
1pfk	A	11,72,103,125,127,129,171
1ecl	A	9,111,113,115,319,321,365
2iht	B	57
2iht	A	438,463,490,492,561
1i8t	B	247,346
1i8t	A	170,174,278,298,348
1dlg	B	22,23,115,120,305,397
2ybp	A	170,177,188,190,276,288
1a05	A	140,246,250
1a05	B	190,222
1qi9	A	341,341,341,349,349,349,411,411,411,416,416,416,417,417,417,418,418,418,480,480,480,486,486,486,490,490,490
4ts9	A	20,24,87,90,204,217
4ts9	C	43
1a4l	A	15,17,214,217,238,295
1r0m	A	142,168,170,195,220,245,269,297
1mok	A	78,82,87,137
1mok	B	501
1a16	A	38,243,260,271,350,354,361,383,387,404,406
1nlu	A	80,84,170,287
1tde	A	135,138,139
1gxs	A	158,270
1a50	A	49,60,102,173,175,183,233,234,235
1a50	B	87,109,110,190,232,233,234,235,236,351,377
1a8h	A	19,22,127,130,144,147,297,300
1eg7	A	1074,1076,1097,1108,1276,1304,1384,1412
1yph	E	193,195,196
1yph	C	57,102
5hrc	A	14,83,197
1a4i	A	49,56,56,100,100,125
2qt6	A	64,66,109,111,394,397,399,451,452,453,454,457,462
1a95	A	88,89,92
1af7	A	53,154
1agm	A	120,176,179,180,400
1aj0	A	221,255
1ak0	A	1,6,45,48,60,116,120,126,149,153
1am5	A	32,35,37,39,75,215,218
1amy	A	179,204,289
1aop	A	83,153,215,217,434,440,479,483
1apx	A	38,42,163,179,208
1aq0	A	232,280,283,288
1aql	A	107,108,194,195,320,435
1arz	A	159,163
1ast	A	92,93,96,102,149
1asy	A	325,327,333,334,478,481,531
1at1	A	54,55,84,105,134
1aui	A	90,92,118,121,122,150,151,199,254,281
2o7r	A	92,93,169,170,276,278,282,306
1auw	C	160
1auw	A	281,287,294
1aw8	B	25,58
1aw8	D	9
1ax4	A	132,133,223,225,266,458
1ax4	B	72
1ay4	A	140,222,224,258
1azw	A	43,110,111,266,294
1azy	A	83,84,85,86,123,171,186,190,191
1b2m	A	38,40,58,77,92,100
1b6g	A	124,125,175,260,289
1h7a	A	78,79,288,290,292,311,441,446,580
1b8f	A	53,83,195,280,283,329,414
1b8g	A	145,230,232,273
1b9h	A	88,159,162,185,188,219,226,236
1bd3	A	137,141,235,238
1bf2	A	128,229,230,232,259,375,435,510
4v40	A	201,357,391,416,418,461,537,597,601,604
1bhg	A	207,451,504,540
1bjo	A	102,174,198
1qrz	A	603,646,741,742
1bol	A	46,49,57,105,108,109
1boo	A	53,54,96
1bqc	A	50,127,128,196,198,225,254
1brm	A	135,162,267,274
1bs0	A	47,133,175,179,204,207,236
1bs9	A	13,13,90,91,175,187
1bvv	A	35,69,78,80,172
1bvz	A	325,354,421
1bwd	A	9,108,179,227,229,286,331,332
1bxr	C	129,169,202,215,243,283,285,299,301,303,715,721,722,761,829,841,843,848
1bxr	D	269,353,355
1bya	A	101,186,342,380,383
1c4x	A	40,109,110,111,186,235,263,264
1c4z	A	506,539,550,607,818,820
1c4z	D	86
1c82	A	349,399,408,462
1qk2	B	169,174,175,181,221,401
1cb8	A	175,225,234,288,371
1cbg	A	91,137,183,324,326,397
1cc1	S	18,21,126,164,208,211,231,237,246,258,264,267
1cc1	L	23,70,73,77,425,492,495
1cel	A	212,214,217,228
1cev	A	99,122,124,126,139,226,228,271
1cfr	A	71,134,190,204
1cg2	A	112,141,175,176,200,385
1chk	A	22,40,45
1cl1	A	58,111,185,210
1dgs	A	114,116,118,221,312,406,409,422,427
1ec9	A	205,207,235,237,260,289,313,339,341
1jkm	A	127,128,202,233,238,308,338
1rpt	A	11,12,15,79,257,258
3eca	A	12,25,89,89,90,162
3eca	C	283
1d5r	A	92,124,130
1g6t	A	49,94,313,341,385,386,411
1pyl	A	56,67,71,86
1myr	A	95,187,190,328,330,409
1s9c	A	193,198,213,216
1pnt	A	12,15,17,18,19,129
2dw7	A	55,182,184,213,239,265,292,322,341
1teh	B	46,47,48,67,68,97,100,103,111,115,174,369
1ju3	A	44,117,117,118,166,259,287
1ci8	A	75,75,78,133,135,152,181,186,253,348,351,351
1cv2	A	38,108,109,132,272
1kcz	A	172,194,238,273,307,329,331
1bzc	A	181,215,221,222,262
1gz6	A	164,168
1hoz	A	10,15,40,83,137,186,260,261
1s95	A	242,244,271,274,275,303,304,352,400,427
1xqd	A	243,286,352,393
3zo8	D	7,78,90,108,116
3zo8	F	63,75
1cns	A	67,89
1cqj	B	109,197
1cqj	A	208,246
1cqq	A	40,71,145,147,147
1ctn	A	311,313,315,390
1cwy	A	293,340,395
1czf	A	180,201,202,223,256,258
1d2r	A	111,192,195
1d7r	A	138,210,243,246,272,406
4hpn	A	166,194,220,246,269,296,329
1d8d	A	164
1d8d	B	248,291,294,297,299,300,352,359,362
2qmx	A	171,173
1d8h	A	305,307,393,409,456,496
1db3	A	132,134,156,160
1de6	A	193,234,236,267,270,294,302,304,334
1dhf	A	22,30
1dhr	A	146,150
1din	A	36,37,85,123,124,171,202
1dj0	A	58,60,205
1dio	A	141,143,170,221,296,335,362
1dmu	A	116,142,143,144
1djl	A	890,925,1006
1ycf	A	25,81,83,85,148,167,195,228
2hgs	A	125,144,146,151,305,364,368,369,450
1pjh	A	70,101,126,158
1e3i	A	46,47,48,67,178,182
3es7	A	42,45,90,162,164,193,221,246,297
4jn7	A	189,191,216,242,265,292
1qhf	A	8,59,86,181
1e0c	A	230,231,232,233,234,235,236
1fnb	A	95,96,272,312,314
1c17	M	206,210,214
1c17	L	61
1lws	A	1,76,78,79,301,403,433,434,454
1r76	A	172,307
1bix	A	70,96,171,210,212,283,308,309
1nmw	A	59,113,131,154,157
1eej	A	95,98,101,125
1gpr	A	66,68,83
1e2a	A	78,80,82
1e2t	A	39,64,69,107,122
1qrg	A	62,75,81,84,117,122,202
1i6p	A	42,44,46,98,101
1r4z	A	12,77,78,133,156
1tah	B	17,87,88,241,263,285,287,291,295
1thg	A	132,217,218,354,463
1ebf	A	219,223
1eh5	A	41,115,116,233,289
1pja	A	45,111,112,228,283
1z4r	A	568,573,575,576,577,579,611,642,645
1mj9	A	304,338
4mdh	A	158,186
1emd	A	150,177
1it4	A	43,44,64,65,85
1cjy	A	197,198,200,228,549
1jch	A	510,513,517,545
1xvt	A	169
1rhc	A	39,43,108
1bh2	A	43,48,178,200,204
1vom	A	181,182,186,233,236,237,457,459
1efc	A	21,24,25,61,61,84
1g8p	A	289
2bvc	A	133,135,219,227,276,347,366,368
2bvc	F	54
1bib	A	118,183,317
1b7y	A	149,178,204,218,261,314
1qf6	A	334,363,381,383,385,465,511
1u3f	A	115,124,154
1jof	A	148,196,212,274
1f75	A	29,46,140
1f6d	A	95,117,131,213,215,246
1f2d	A	51,269,295
1eyi	A	68,74,97,98,118,120,121,280
1ey2	A	292,335,341,365,371
1exp	A	127,169,205,233,235
1exn	A	26,68,83,86,128,131,153,155,201,204
1fq0	A	45,49,133
1foh	A	54,281,289,364
1fgh	A	100,101,165,447,642,644
1fdy	A	137,165
1f8x	A	7,72,92,98
1f8r	A	223,326
1esc	A	14,66,106,280,283
1eq2	A	116,140,178
1d2t	A	150,183,189,193
1js4	A	55,58,206,424
2nlr	A	120,203
2eng	A	10,121
1aa6	A	44,140,141,333
1kqf	C	169
1kqf	A	196,197
1a4y	B	13,40,114
1a79	A	115,125,156
1gcu	A	96,97,123,126,170,171
1gal	A	516
1ga8	A	78,103,105,130,188,189,244,250
1fuq	B	318,324,331
1fuq	A	188
1fr8	A	252,254,314,317,318,344,347,349
1gdh	A	240,269,287
1o9i	A	35,66,69,148,178,181
1iph	A	128,201,392
1kas	A	163,303,314,335,340,400
1jen	A	68,82,229,243
1jen	B	67
1j49	A	236,260,265,297
1ima	A	70,90,92,93,95,220
1hrk	A	76,92,98,164,165,263,340,343,347
1hrd	A	125,165
1ghs	A	231,279,282,288
1fgj	A	233,267,268,334,467
1m53	A	241,295
1lnh	A	518,523,709,713,857
1ldm	A	106,166,169,193
1lbu	A	154,161,189,192,194,195,197
1lba	A	17,46,122,128,130
1lam	A	262,336
1kim	A	62,83,162,163,220,222,225
1kfu	L	99,105,105,262,286,288
1idj	A	154,176,236,239
1hfs	A	201,202,205,211
3idh	A	169,205
1evy	A	210,267
1wd8	A	350,471,473,645
1s2k	A	53,136
1eb6	A	106,128,129,132,143
1uch	A	89,95,95,169,184
1dki	A	47,47,195,212
1fy2	A	88,120,121,157,192
1mhy	D	114,144,147,209,243,246
1mhl	D	239
1mhl	B	95
1kez	A	142,143,169,259
1jm6	A	1239,1243,1246,1247
1mlv	A	287
1q6x	A	95,108,334,550
1qsg	A	156,163
1r16	A	98,174,179
1ds2	E	57,102,193,195,195,214
1ssx	A	57,102,193,195,195,214
1kyq	A	141
1ush	A	41,43,84,116,117,120,217,252,254,375,379,410
1sll	A	318,595,713
1p1x	A	102,167,201
1q3n	A	26,60,250
2ocp	A	70,142
1fcq	A	111,113,184,227,301
1bg6	A	202,297
1e5q	C	126
1cf2	P	140,219
1guf	A	79
1kyw	A	269,270,297,329
1uqt	A	154,361
1r1j	A	583,584,587,646,650,711,717
1gcb	A	67,73,73,369,392
1ltq	A	15,35,126,165
1epw	A	229,230,233,267,369
1l6p	A	42,68,70,71,103,109
1ksj	A	70
1ndi	A	107,120,343,554
1j79	A	16,18,102,139,177,250
1agy	A	42,120,121,175,188
1jms	A	343,345,434
1aug	A	81,91,144,144,168
1v0y	A	170,202,448,473
1t7d	B	88,90,90,145,278
1uaq	A	62,64,89,91,91,94
1dek	A	15,68,206
1i1i	P	474,475,478,503,613
1mvn	A	90,175
1l8t	A	44,190,195,208
1pwv	A	686,687,690,728,735
1nsf	A	549,549,550,550,603,604,631,708
1g99	A	7,91,180,241,384
1nww	A	53,55,99,101,132
1gt7	A	117,141,143,212
1gt7	B	171
1p4r	B	431,592
1p4r	A	266,267
1kny	B	50,52
1kny	A	145,149
1snn	A	30,55,95,185
1snn	B	106,147
1h54	A	487
1qd6	C	142,144,146,147,152,156
1qd6	D	106
1ig8	A	158,173,211
1nvm	A	18,21,200,202,291
1kzh	A	82,146,177,203,204,206
1oj4	A	10,141
1p7m	A	16,38,46
1kaz	A	10,71,175,199
1hr6	B	70,73,74,143,150
1fhl	A	45,136,246
1k82	A	1,2
1do6	A	14,15,16,41,47,111,114
1hdh	A	13,14,51,55,113,115,211,317,318,375
1bo1	A	150,278
1rk2	A	252,253,254,255
2dhn	A	22,100
1ez1	A	160,162,267,279,286,287,363
1mpx	A	82,174,175,307,340
1pz3	A	175,294
1lml	A	264,265,268,334
1b7b	A	11,12,128,209,271
1jxh	A	176,208,208,210,211,212,213
1fo6	A	47,110,127,146,172,197
1bou	B	12,61,195,242
1kdg	A	609,689,732
1uf7	A	46,126,171
1pix	A	151,194
1pix	B	417,457
1b65	A	146,218,250,250,288,289
1g79	A	197
1ht1	A	1,1,33,45,124
1nln	A	54,71,115,122,122
1nn4	D	99,134
1nn4	A	9,66,68
1gq8	A	113,135,136,157,225
8pch	A	19,25,159
1k4l	A	37,41,66,94,99,136,153,174
1qaz	A	68,191,192,239,246
1gp5	A	213,232,234,288
1e1a	A	21,37,120,175,229,287
1roz	A	288,329
1roz	B	137
2odq	A	487,541,659,659
1r6w	A	133,161,190,213,235
1ogo	X	376,395
1peg	A	178,283
1dl5	A	59
2rnf	A	12,40,116
1oxa	A	241,244,246,351,360
2bsx	A	27,45,88,206
1dgk	N	539,603,657
2hsa	A	185,188,190
1jrp	B	310,730
1bu7	B	268,393,400
1b5d	A	60,148,179
1eu1	A	114,116
1pjq	A	248,270,382
1vq1	A	100,197,198
1c4t	C	323
1c4t	A	375
1pp4	A	9,42,74,192,195
1r44	A	71,116,123,181,184
1mt1	F	109
1mt1	A	47
1mt1	E	52
1w27	A	110,351,400
1dj1	A	48,52,191
1ra0	A	61,63,156,214,217,313
2esd	A	154,250,284
1xa8	A	54,56,59
1m54	A	119
1fft	A	61,71,75,79,103,124,135,142,145,149,201,204,211,284,286,288,299,315,359,362,419,420,421
1l1d	B	440,477,480,484,493,495
1im5	A	10,52,54,60,71,94,101,129,133,133
1x7d	A	56,228
2fqq	A	237,238,285,285,286
2fqq	B	390
1pd2	1	8,14,104
1j2u	A	34,36,45,120,122,178,183
1yon	A	176
1ozh	A	394,422,447,474,476
1s01	A	32,64,155,221,221
1jhf	A	118,119,119,152,156
2acu	A	43,48,77,110
1m21	A	123,202,226
1ocl	A	62,131,150,152,153,154,155,158
1l7n	A	11,12,13,100,144,171
1tht	A	114,211,241
2f9z	C	21,27,44
1kl7	A	124
1mt5	A	142,217,218,238,239,240,241
1xs1	C	111,115
1xs1	A	124,126,138
1zoi	A	31,97,98,122,227,256
2hi7	B	41,44,48,104
1ehk	B	86,88
1ehk	A	233,237,384,385,386,449,450
1x9h	A	135,203,298
1x9h	B	219
1xrs	A	263,298,370
1xrs	B	144
1o98	A	12,62,154,261,336,403,407,444,445,462
1knp	A	121,244,290,351,386
1v04	A	53,115,134,168,224,269,270
1kae	A	259,262,326,327,360
1kae	B	419
1qz9	A	129,201,226,227,375
1gqg	A	66,68,73,112
1am2	A	1,53,72,74,75,182,187,196,197,198,198
1ab4	A	32,78,122
1qol	B	46,51,51,148,163
1l9x	B	110,220,222
1j7g	A	78,79,80,80
1nml	A	114
1u8v	A	99,103,190,257,292,296,299,455
1tz3	A	249,250,251,252
1vie	A	32,67,68,69
2a0n	A	11,130
1j53	A	12,14,61,162,167
1j00	A	10,44,73,154,157
1zrz	A	369,371,374
1stc	E	166,168,171,184,201
1u5u	A	66,67,137,353
1cs1	C	48
1cs1	A	101,173,198
1l0o	A	46,50,105
1iu4	A	64,255,272,274
1fc4	A	185,213,244
2bhg	A	46,84,163,182
2f61	B	235,340,342,370
1s20	A	44
1s3i	A	106,142
1r30	A	53,57,60,97,128,188,260
1qv0	A	22,92,138,175,190
1zm2	F	553
1foa	A	213,291
1uk7	A	34,103,104,224,252
1u7u	A	210
1tox	B	148
1oba	A	10,92,94,182
2cy0	A	64,100
1rgq	A	60,84,140,142
1aam	A	142,223,258
1fwk	C	130,183
1goj	A	91,93,94,94,95,95,96,96,235,238
1hqc	A	51,52,97,146,205
1p4n	A	36,108,211,304,305,319
1ei5	A	62,65,153,155,287
1k30	A	139,144
1w0h	A	134,136,234,293,298
1psd	A	269,292
1ge7	A	117,118,121,130,133
1t0u	A	8,80
1t0u	B	223
2e2h	A	481,483,485,1085
2e2h	B	837
1nbf	A	218,223,464,481
1ex1	A	285,491
1fr2	B	5,96,100,102,103,127,131
1qfn	A	8,10,11,13,14,18,72
1qwn	A	90,92,204,341,471
1jh6	A	42,44,117,119,121,124
1wnw	B	25,53,131,132,135,136,140
1fa0	A	89,100,102,154,215,224
1rba	A	166,191,192,193,194,287,321
1rtf	B	57,102,193,195,195
1f48	A	18,20,21,21,22,23,45,502
1h7x	C	574,671,709
1kws	A	196,281
1l1r	A	63,100
1o04	A	192,268,302,399
1gpj	A	48,84
1x9y	A	237,243,243,340,360
1cvr	A	152,211,212,244,244
6u7t	A	43,126,144
1k32	A	746,918,965,966
1b5q	C	62
2bif	A	255,256,262,305,325,390
1hv9	B	18
1q91	A	41,43,43,176
1iyd	A	159
1glo	A	19,25,25,164,184
1pau	A	177,178,237,238,285,285
1nw9	B	178,237,238,287,287
1itx	A	200,202,204,279
1qtn	A	258,317,318,360,360
2dbt	A	147,156,194
2bkr	A	26,102,103,119,163
1i78	A	83,83,85,85,99,210,212
1i19	B	121,311,475,477
1mqw	A	64,76,93,97,142
1g24	A	174,214
1ahb	A	71,160,163
1un1	B	85,87,89
1y9m	A	41,241
7nn9	A	151,277,292,371,406
1v0e	A	325,350,581,596,647
2bx4	A	41,143,145,145
1cz1	A	192,292
1de3	A	50,96,137
1qhg	A	37,38,223,224,254,610
3ufj	A	140,151
1euu	A	92,260,370
1avq	A	93,102,109,129,130,131
1cz0	A	61,98,105,119
1znv	B	544,545,569,573
1cw0	A	51,63,69,97
1ro7	A	129,156,162,188
1pnl	B	1,1,69,241,241
1dqr	A	210,216,271,272,357,518
1dqr	B	388
1dpg	A	177,178,240
1dup	A	29,71,73,80,90
1dw9	A	122
1dw9	D	96,99
1dxe	A	50,75,89,153,179
1ehy	A	38,107,108,152,215,246,275
1elu	A	114,197,199,200,223,360
1su4	A	351,703,707
1euy	A	34,260,270
1gp1	A	45,80,158
1gox	A	106,129,155,230,254
1g64	A	37,39,41,42,43,91,93,128
1g64	B	51
1ohv	A	189,298,329
1ohv	B	353
1i29	A	123,200,203,226,364
1inp	A	54,79,153,155,156,158,317
1qb4	A	138,396,506,543,581,713
1mrq	A	50,55,84,117
1nf9	A	37,38,122
1ord	A	223,316,355
4mup	A	240
1ndh	A	49,65,66,245
1nhx	A	87,235,244,264,286,288,311,405
1oac	A	369,383,466,524,526,689
1oas	A	41,272
1l7a	A	91,181,182,269,298
1oe8	A	10,21
1xw6	A	6,42,107
1ofg	A	129,217
1og1	A	147,159,184,189
4usj	A	41,44,76,98,196,216,255
1oh9	A	8,11,45,162,217
1okg	A	61,75,253,255
1or8	A	51,144,153,293
1oro	A	103,105
1otg	A	2,36,41,72
1oyg	A	86,164,247,342
1p3d	A	129,130,173
1pbg	A	160,375
1pgs	A	60,118,206
1pj5	A	225,259,552
1pmi	A	109,111,113,136,138,285,304,310
1pud	A	102,280,318,320,323,349
1qmh	A	14,309
2dln	A	15,150,216,255,257,270,272,276
1ses	A	256,271,345,348,386
2cja	A	306,336,338,347,355,416,432,435,461,468
1tdj	A	62,315
1qd1	A	82
2abk	A	120,138
2pgd	A	128,183,186,187,190
1yve	K	252,315,319
1ybv	A	164,178,182,223
2dor	A	43,130
3mdd	A	376
1tmo	A	118,149
2npx	A	10,41,42,303
2pec	A	129,131,166,170,218
1pvi	A	58,68,70
1qam	A	38,59,101,104,163
1qba	A	539,540
2gjx	A	322,323
1qe3	A	106,107,189,190,310,399
1qfm	A	473,554,641,680
2nac	A	146,284,313,332
1nir	A	47,50,51,88,327,369
1qgx	A	49,72,142,144,145,147,294
1qho	A	228,256,329
1qib	A	201,202,205,211
1rbl	A	175,201,203,204,294,334
1rtu	A	41,62,85,101
1rvv	A	88
1std	A	30,31,50,85,110
1szj	G	149,176
1tyf	A	68,97,98,122,171
1uas	A	130,185
1uro	A	37,41,50,86,164
1vid	A	141,144,169,170,199
4z71	A	8,42,52,57,84,89
1xgm	A	82,93,153,161,187,280
5cnv	A	225,437,439,441,462,730,731
5cnv	G	115,122,237
1xtc	A	7,61,110,112
2hwg	A	189,431,455,502
206l	A	11,20
1mah	A	121,122,203,204,295,334,338,447
2acy	A	23,41
2ayh	A	105,109
2bii	B	139,271,272
2ebn	A	130,132
2fok	A	450,467,469
2nmt	A	169,170,171,205,455
2oat	A	177,263,292
2pth	A	20,68,93,114
2tdt	A	141,166,189
2tpl	A	123,124,214,257,381,448
2tpl	B	71
3cla	A	18,174,195,199
3nos	A	184,187,356,361
3pca	M	408,447,457,460,462
7odc	A	69,197,274
3rfa	B	105,118,125,129,132,355
4h2h	A	163,193,218,241,265,320
3gdp	B	328,361,457,459,496,497
2oln	A	53,101,258,276,321,355,358
4njk	A	25,31,46,49,50,51,116,204
3fnl	A	105,108,110,184,186,188,190,258,351
3c2e	A	144
1u1z	A	49,55,58,59
1u1z	B	63
1m3s	A	57,60,160
1m3s	B	46,88,149,152
4xb6	D	32,241,244,266,272
3mak	A	10
4mhx	A	31,32,74,123,125,181,273,274,282
2hw4	A	21,53,54,78,94,96
1deu	A	22,31,180,200
3wql	B	34,34,38,51,51,90
1tkk	A	162,191,219,244,268
2p8b	A	163,191,218,243,267
3dg6	A	162,191,217,242,266,294
2qjj	A	147,159,210,212,236,262,283,339,402
2hxt	A	220,248,274,301,324,351
3d47	A	226,252,280,302,329,349
4eay	A	233,271,298,351,352,368
1g2i	A	70,71,100,101,120
1g2i	C	474
5vsm	A	84,88,91
4x9e	B	442
4x9e	A	69,117,118,268
3uxj	A	194,197,201,233,234
4uhx	A	893,1270
4dgk	A	31,148,149,152
3vmt	A	100,131,132,136
2de2	A	25,27,60,70,73
2vz9	A	878,885,888,1003,1033,1037
3x0y	A	92,96,129,163,388,391
4piv	A	1995,2021,2034,2038
4ecs	A	13,14,52,55,61,113,115,116,231
2qmj	A	214,327,366,406,443,444,526,539,542,600
2ar8	A	79,346
3nye	A	1045,1046,1048,1053,1087,1249
3mvf	A	30,59,130
1dj7	A	55,57,74,76,85,86,87
5odi	B	9,41,42,78,81,153,154,193,194,231,234
2ble	A	186,188,289
2ime	A	11,168,179,181,182
4e5k	B	53,237,292
5my0	C	499,581,582,683
4v2k	A	109,119,123,127
3amz	A	802,880,1261
3shd	I	23,51,55,119
4e7k	A	128,185,221
5dqr	D	237,262,332,417
4s38	A	232
4qro	G	8,10,164,287
1pkw	A	9,15
1pgt	A	7
4bzc	A	149,167,206,207,210,215,218,233,311,312,319,366
2et1	A	75,77,85,88,90,95,137,139,149
4l1g	C	80,81,131,135,171,225
6fkw	A	172,256,299,301
5g0i	A	192,193,228,230,232,323,363
1t8u	A	162,184,186,189,215,368
1rtd	A	110,111,185,186,220
5m4g	A	255,276,287,370,377,398,412,452
3aie	A	477,515,588
3r6v	A	187,188
3r6v	B	101,140,141,142
3r6v	C	318,319,324
3lkk	A	5,8,14,45,50,144,163,205
1hnn	A	185,219
